date,open,high,low,close,volume,symbol
2023-11-20,3310.5883697162694,3351.0312685830804,3310.5883697162694,3337.471435546875,1475621,TCS.NS
2023-11-21,3337.4708446570817,3355.9143164052966,3319.833248932259,3328.55712890625,1807236,TCS.NS
2023-11-22,3318.8856055405536,3349.845974372261,3300.9637158734695,3347.475341796875,1798051,TCS.NS
2023-11-23,3347.3327526243943,3360.608293286361,3318.8851654916093,3326.708251953125,2729804,TCS.NS
2023-11-24,3313.432579520662,3323.199630349241,3274.3171487686473,3278.205078125,1989733,TCS.NS
2023-11-28,3278.2050751499805,3301.105289257559,3255.3520884800573,3290.57958984375,1689195,TCS.NS
2023-11-29,3300.8680600486928,3335.953414320971,3295.9371916956175,3331.92333984375,1441634,TCS.NS
2023-11-30,3318.3633662735556,3334.6732688773436,3300.8681476156107,3307.126708984375,3266235,TCS.NS
2023-12-01,3318.8853188028297,3334.958159973904,3309.4502482693606,3329.932373046875,1172141,TCS.NS
2023-12-04,3361.224615649316,3364.2117512474415,3316.98870959502,3330.69091796875,1625213,TCS.NS
2023-12-05,3354.9185791452924,3354.9185791452924,3321.5401251680364,3348.849853515625,1377656,TCS.NS
2023-12-06,3349.7983059413914,3425.8956015934377,3342.733636591101,3417.598388671875,1896572,TCS.NS
2023-12-07,3418.451744252406,3442.6796524305582,3405.839934234335,3427.83935546875,1967653,TCS.NS
2023-12-08,3445.002359144213,3456.381392535276,3415.653981824503,3439.0283203125,1641155,TCS.NS
2023-12-11,3435.425808547452,3463.968317343012,3427.934702215984,3454.390869140625,1102503,TCS.NS
2023-12-12,3450.6453509687763,3507.018947852264,3443.1067856079567,3482.080078125,2236866,TCS.NS
2023-12-13,3455.006883047287,3461.1230679206947,3378.6250660277906,3407.59423828125,3850968,TCS.NS
2023-12-14,3442.157806348635,3487.673942630931,3439.8820921373363,3477.480224609375,3290396,TCS.NS
2023-12-15,3476.9589978788713,3694.3459836912725,3476.9589978788713,3661.20458984375,8531230,TCS.NS
2023-12-18,3658.4548633752634,3725.6859061104938,3631.9510077507234,3659.497802734375,2521612,TCS.NS
2023-12-19,3646.0323859625214,3655.6098328171565,3593.87847667047,3618.72265625,2004435,TCS.NS
2023-12-20,3629.2008491847714,3697.0483893157384,3571.6419454448946,3584.443359375,2586083,TCS.NS
2023-12-21,3561.874909756601,3609.7142216441343,3549.642540106947,3591.5078125,1517562,TCS.NS
2023-12-22,3603.361070704759,3646.933245771475,3567.3274599977117,3626.119140625,2413058,TCS.NS
2023-12-26,3622.183457891739,3635.6011420652,3594.0201652475857,3599.140869140625,1285231,TCS.NS
2023-12-27,3602.4128061086403,3620.619215684377,3573.0169658903283,3613.9814453125,1293976,TCS.NS
2023-12-28,3626.118855155904,3639.3943948975834,3595.8696822044644,3603.265869140625,1682889,TCS.NS
2023-12-29,3595.775077575502,3624.791709570154,3570.5514572660563,3597.1025390625,1574996,TCS.NS
2024-01-01,3593.8784899629513,3633.705111751459,3577.7581906676032,3613.88671875,825907,TCS.NS
2024-01-02,3613.8865694951905,3613.8865694951905,3572.3055889566763,3587.43017578125,1344068,TCS.NS
2024-01-03,3572.0686772686777,3576.667796440322,3496.255904152082,3500.712646484375,1803075,TCS.NS
2024-01-04,3510.1951028326184,3526.552465032622,3462.071269113768,3477.0537109375,3598144,TCS.NS
2024-01-05,3484.829591419919,3553.814993535783,3484.687446080239,3544.474609375,1963127,TCS.NS
2024-01-08,3544.4744750104824,3546.2288355043906,3482.3639091369514,3487.958740234375,1067805,TCS.NS
2024-01-09,3517.9707687302525,3558.1768302364985,3492.1783363813142,3498.958251953125,1370944,TCS.NS
2024-01-10,3499.053125217598,3536.2720507365116,3497.1566194586726,3520.910400390625,1292227,TCS.NS
2024-01-11,3531.2939700655124,3577.75836440848,3515.17366998734,3542.246337890625,1777909,TCS.NS
2024-01-12,3648.8772170987218,3703.1646964851307,3623.843432744319,3681.87646484375,6813450,TCS.NS
2024-01-15,3755.0813150622907,3759.8225793489855,3683.9623507618685,3701.78955078125,2801505,TCS.NS
2024-01-16,3697.237855611621,3697.237855611621,3656.0363156533926,3661.48876953125,1432672,TCS.NS
2024-01-17,3621.3780100735817,3707.6215694323387,3615.2618248575886,3683.58349609375,3458696,TCS.NS
2024-01-18,3696.289555678587,3706.530732611429,3662.152453573808,3700.651611328125,2239110,TCS.NS
2024-01-19,3766.919057481787,3784.6317399780814,3738.3210747593575,3765.05712890625,2941975,TCS.NS
2024-01-23,3723.9505733958886,3756.3202043628303,3669.28488869668,3684.085205078125,2618854,TCS.NS
2024-01-24,3704.8535025994192,3708.3386452495192,3633.8120750758894,3668.3779296875,2657709,TCS.NS
2024-01-25,3666.5634951802735,3686.711116154436,3608.1261628069346,3638.2998046875,2205154,TCS.NS
2024-01-29,3629.228508398019,3647.561756466226,3610.179116005899,3629.41943359375,1646747,TCS.NS
2024-01-30,3635.5781805395054,3674.1068379093945,3616.0513588538565,3628.98974609375,1411621,TCS.NS
2024-01-31,3639.158999298284,3660.929833665502,3625.0748274029875,3643.694580078125,2459358,TCS.NS
2024-02-01,3647.561336521016,3728.628771406742,3633.2862412651502,3680.169677734375,2363107,TCS.NS
2024-02-02,3700.1269169206976,3804.5406228744723,3697.2145499513263,3787.2578125,2826510,TCS.NS
2024-02-05,3803.2039816310494,3840.4434883555314,3783.247518711278,3793.94189453125,1691523,TCS.NS
2024-02-06,3816.571472286025,3962.569322023447,3809.8874591997096,3949.296875,4474396,TCS.NS
2024-02-07,3965.5300677296837,3967.439786038246,3890.0484049597753,3899.07177734375,2124267,TCS.NS
2024-02-08,3905.3737741443265,3970.304193861152,3901.60212727005,3947.483154296875,2345173,TCS.NS
2024-02-09,3949.822293850928,3995.8466897853227,3914.9223796212013,3947.101318359375,2100596,TCS.NS
2024-02-12,3943.567991208639,3971.831913158721,3920.221500261139,3934.68798828125,1013716,TCS.NS
2024-02-13,3939.2233270851298,3981.762109892758,3897.2570866971923,3962.1875,1257415,TCS.NS
2024-02-14,3921.6062566950955,3929.149550208251,3866.7018593831967,3915.017822265625,1391283,TCS.NS
2024-02-15,3941.6581008011804,3959.1318346649314,3898.6894441790746,3917.977783203125,1091582,TCS.NS
2024-02-16,3927.573894072427,3960.7076888158995,3915.0175911112856,3941.9443359375,1307556,TCS.NS
2024-02-19,3936.931574545264,3941.944584755052,3871.953600131452,3918.550537109375,772291,TCS.NS
2024-02-20,3897.830322614707,3913.01248865656,3828.9848900714505,3848.70263671875,1193648,TCS.NS
2024-02-21,3831.8495388516026,3879.92678741508,3800.91219749732,3811.320068359375,1885939,TCS.NS
2024-02-22,3791.7452639252624,3910.0999958113675,3791.7452639252624,3902.6044921875,2982052,TCS.NS
2024-02-23,3943.5682482113766,3943.5682482113766,3863.7419308591834,3869.184814453125,2538072,TCS.NS
2024-02-26,3853.8109967592127,3867.1790230115985,3802.964754049245,3820.438720703125,1379284,TCS.NS
2024-02-27,3818.4814808469996,3937.838866469874,3818.4814808469996,3919.12353515625,2960475,TCS.NS
2024-02-28,3910.720793778206,3967.343748590396,3904.418630839975,3933.016845703125,1939225,TCS.NS
2024-02-29,3913.9672652685513,3951.302347555784,3881.072417457666,3910.243408203125,3772719,TCS.NS
2024-03-01,3921.7971311947285,3953.1163203771775,3902.3178674252918,3909.527099609375,2043265,TCS.NS
2024-03-04,3919.696776107662,3932.0143657858353,3891.9102818402757,3896.49365234375,1749271,TCS.NS
2024-03-05,3878.637609545636,3880.547327718726,3800.3391644489493,3830.990234375,2070859,TCS.NS
2024-03-06,3813.754651071175,3888.1858637996515,3779.7615772850945,3880.83349609375,1744204,TCS.NS
2024-03-07,3881.5018433252562,3937.83852444609,3855.4341459453703,3923.1337890625,2688905,TCS.NS
2024-03-11,3904.4182997884645,3965.5292734217396,3904.4182997884645,3936.262939453125,2304068,TCS.NS
2024-03-12,3936.263018747684,4039.005938486291,3935.0214223269095,4003.007568359375,4039801,TCS.NS
2024-03-13,4015.1823119675864,4049.557237825097,3945.382022047853,3961.710205078125,2837260,TCS.NS
2024-03-14,3965.959755661069,4034.2797384638684,3901.5543222161814,4017.665283203125,2919608,TCS.NS
2024-03-15,4003.342404564304,4047.6477740948294,3988.4465091753013,4028.789306640625,3373143,TCS.NS
2024-03-18,4024.970147760197,4062.6870852696043,3931.9669571242084,3965.052734375,1526904,TCS.NS
2024-03-19,3868.372518518023,3874.8178167593055,3787.543797525293,3797.7607421875,8931209,TCS.NS
2024-03-20,3806.068367984223,3836.6238591471674,3781.43295661012,3791.64990234375,1817913,TCS.NS
2024-03-21,3809.9353605723127,3827.4568840908046,3769.7834913016204,3793.607177734375,3829582,TCS.NS
2024-03-22,3721.0857067892807,3760.234927722912,3680.981626808488,3734.358154296875,5852485,TCS.NS
2024-03-26,3700.0789167648895,3768.5422658395028,3696.6891204236167,3702.466064453125,3440925,TCS.NS
2024-03-27,3712.9694508618754,3719.1760347452755,3656.5371872279266,3667.51806640625,1968575,TCS.NS
2024-03-28,3676.3032936233417,3738.273558990573,3667.1365525678916,3701.320556640625,4311783,TCS.NS
2024-04-01,3721.754223672464,3755.747300480612,3712.5399267137973,3739.9443359375,1569676,TCS.NS
2024-04-02,3714.402013572378,3733.356060539983,3698.169408371676,3708.48193359375,2142666,TCS.NS
2024-04-03,3677.162259779897,3801.2939382455907,3677.162259779897,3769.115234375,3973090,TCS.NS
2024-04-04,3796.4241236746416,3846.7929401546,3757.6091953129244,3822.58740234375,3394637,TCS.NS
2024-04-05,3798.429228944485,3821.3458457103648,3781.7191958860317,3799.622802734375,1636819,TCS.NS
2024-04-08,3803.2038169653624,3850.612478302472,3781.242057540255,3793.2255859375,2302538,TCS.NS
2024-04-09,3804.158596044347,3834.5709511607815,3747.8696995867963,3768.399169921875,1876992,TCS.NS
2024-04-10,3777.8042843421695,3810.0785671309804,3741.137789757888,3804.779052734375,2101965,TCS.NS
2024-04-12,3791.745569330167,3832.183946350763,3767.3966617457004,3820.773193359375,4354821,TCS.NS
2024-04-15,3820.772996845027,3880.738193181066,3742.140492150271,3763.29052734375,4200329,TCS.NS
2024-04-16,3725.8601098443683,3751.354800517377,3688.477470314158,3697.978271484375,3051420,TCS.NS
2024-04-18,3701.7979775859185,3758.325592309684,3676.2077058923483,3687.666015625,3476284,TCS.NS
2024-04-19,3664.749317880835,3678.6425647588976,3629.323951132775,3653.48193359375,2957749,TCS.NS
2024-04-22,3663.7942340462387,3702.9434557287764,3639.9227574105453,3690.1484375,1728883,TCS.NS
2024-04-23,3702.036492584922,3719.1761666777247,3686.3291071314047,3699.79248046875,1807586,TCS.NS
2024-04-24,3714.40168707826,3722.040559442431,3651.810630020355,3658.11279296875,1317312,TCS.NS
2024-04-25,3639.158641602764,3698.7895406336374,3638.967716423201,3678.307861328125,2856271,TCS.NS
2024-04-26,3681.124880410782,3701.797719316403,3630.8994327921014,3648.850830078125,2039178,TCS.NS
2024-04-29,3664.7491893782994,3702.7526278045857,3646.7977918527276,3695.49560546875,1110693,TCS.NS
2024-04-30,3697.2144816964656,3706.5243580385472,3638.0132167519455,3648.182373046875,2203078,TCS.NS
2024-05-02,3607.5054878702526,3696.355174204656,3607.5054878702526,3688.9072265625,2491044,TCS.NS
2024-05-03,3714.5446880570794,3717.8391381406313,3626.1726730929386,3669.905029296875,2962234,TCS.NS
2024-05-06,3679.072085070683,3762.0970365772246,3679.072085070683,3744.05029296875,2053831,TCS.NS
2024-05-07,3753.3600551012064,3807.977946933751,3736.8409466713224,3799.33642578125,2062112,TCS.NS
2024-05-08,3782.1965590042273,3804.444820681169,3760.807810312846,3797.426513671875,1247685,TCS.NS
2024-05-09,3783.1516542867107,3791.74538595975,3733.5467719757585,3781.432861328125,1726486,TCS.NS
2024-05-10,3783.7244902195275,3794.2279395625565,3709.675125727196,3718.12548828125,1672489,TCS.NS
2024-05-13,3709.1501462351494,3776.467712282151,3695.3046893886026,3769.5927734375,931326,TCS.NS
2024-05-14,3758.325333970824,3767.6829995665794,3717.1708144286235,3725.09619140625,1058317,TCS.NS
2024-05-15,3728.247304663272,3749.6838445394064,3700.5563911441955,3705.235107421875,1115021,TCS.NS
2024-05-16,3742.4565954752024,3760.1536051008206,3696.674864101549,3751.93017578125,2599399,TCS.NS
2024-05-17,3769.290932634866,3770.2527318011416,3683.6908068363196,3687.63427734375,2765804,TCS.NS
2024-05-21,3684.267988960184,3697.877353269418,3664.5029690837023,3674.26513671875,1908117,TCS.NS
2024-05-22,3688.4998995277233,3694.511144474802,3671.7165505983294,3685.614501953125,1311168,TCS.NS
2024-05-23,3694.222342264953,3755.825623852059,3679.362592585416,3744.716796875,2095742,TCS.NS
2024-05-24,3730.0977721050167,3735.435804663223,3697.4447360116023,3702.446044921875,1309452,TCS.NS
2024-05-27,3707.7356115179823,3759.0476885498992,3694.6071474418045,3700.08935546875,1841538,TCS.NS
2024-05-28,3710.621060602496,3722.1626502155677,3683.6906848386625,3693.21240234375,1801993,TCS.NS
2024-05-29,3701.868825659015,3701.868825659015,3654.8369389752725,3658.347412109375,1568095,TCS.NS
2024-05-30,3632.7154213410568,3649.450632771814,3573.51663617764,3593.3779296875,2919230,TCS.NS
2024-05-31,3597.1288311929115,3606.5545098524694,3514.173654270348,3530.716552734375,10956800,TCS.NS
2024-06-03,3590.2040318841996,3608.2377665384206,3554.8097750399984,3561.398193359375,2156773,TCS.NS
2024-06-04,3558.656996551144,3601.9379600227116,3454.3017846252524,3573.083984375,3395997,TCS.NS
2024-06-05,3574.0455390744582,3639.255566540333,3558.6567531150417,3603.332275390625,2799670,TCS.NS
2024-06-06,3636.5626544761217,3693.2125315497983,3598.5715873373206,3684.075439453125,4328036,TCS.NS
2024-06-07,3690.7116853850557,3765.4434275201183,3690.7116853850557,3745.197509765625,4552445,TCS.NS
2024-06-10,3746.20779064658,3756.6913077396334,3695.1361604735534,3711.29443359375,1734661,TCS.NS
2024-06-11,3698.117665434883,3731.7324981617485,3694.2704689038715,3704.946533203125,1419898,TCS.NS
2024-06-12,3726.3945012041186,3744.764958738886,3681.238078457762,3685.277587890625,2177001,TCS.NS
2024-06-13,3709.4669500636674,3741.398634376215,3704.8502672537734,3730.001220703125,1932323,TCS.NS
2024-06-14,3740.437014038603,3740.437014038603,3681.7672640112555,3685.66259765625,1860730,TCS.NS
2024-06-18,3679.8920062119564,3695.2326570314176,3650.076229957929,3669.3603515625,1774045,TCS.NS
2024-06-19,3681.4305657786617,3687.393908592031,3648.0561809382543,3656.471923828125,1509050,TCS.NS
2024-06-20,3650.9894727993596,3664.4065236093124,3635.6488237424105,3642.57373046875,2846526,TCS.NS
2024-06-21,3680.8055063953534,3729.6649522933717,3652.961466760309,3665.17626953125,4642195,TCS.NS
2024-06-24,3663.2525869100127,3709.6593968393613,3646.4692383647352,3670.9951171875,1702154,TCS.NS
2024-06-25,3671.1875692289377,3700.6666209665473,3648.008114439095,3691.818115234375,1338808,TCS.NS
2024-06-26,3697.636952164433,3719.2292968197617,3694.2706550301955,3708.553466796875,1639845,TCS.NS
2024-06-27,3684.652571402827,3791.4122778569417,3672.245456200075,3783.862060546875,4526556,TCS.NS
2024-06-28,3768.136755923504,3808.72463308086,3748.9489098484837,3755.008056640625,2731571,TCS.NS
2024-07-01,3735.6278170574037,3848.8315275785044,3735.6278170574037,3826.229248046875,2658723,TCS.NS
2024-07-02,3841.0412524117046,3869.7026797753697,3830.4133246392416,3863.931884765625,2307449,TCS.NS
2024-07-03,3866.4326746323527,3872.2997435120974,3803.915728400735,3813.774169921875,1821198,TCS.NS
2024-07-04,3847.0528562312384,3892.738320988545,3829.9809194008767,3867.3466796875,2518001,TCS.NS
2024-07-05,3856.8146129950023,3872.924748847288,3835.6550315770746,3858.5458984375,1668616,TCS.NS
2024-07-08,3868.356357887955,3877.253000431581,3826.085330278659,3840.656494140625,1758882,TCS.NS
2024-07-09,3832.7695887092664,3853.8810329564976,3823.2478711096887,3833.25048828125,1305801,TCS.NS
2024-07-10,3831.5193138953828,3850.3706715891435,3752.940368518921,3759.817138671875,2669716,TCS.NS
2024-07-11,3780.832460057338,3827.96061842488,3746.7848640603625,3773.811279296875,4872189,TCS.NS
2024-07-12,3827.960742140317,4039.5086599499514,3819.5931362246197,4024.119873046875,13509164,TCS.NS
2024-07-15,4073.892995406388,4078.0285440501298,3998.2471138098213,4009.933349609375,4848030,TCS.NS
2024-07-16,4012.6260416342875,4034.314424549635,3986.561190822614,4018.829833984375,2029521,TCS.NS
2024-07-18,4001.0842332290817,4159.781083825908,4001.0842332290817,4150.69189453125,5613364,TCS.NS
2024-07-19,4162.116257683314,4201.979119036148,4131.122688809786,4147.65576171875,3903354,TCS.NS
2024-07-22,4145.294372304492,4164.575034563433,4111.601226719275,4133.1474609375,1896386,TCS.NS
2024-07-23,4128.953289405216,4204.822873881606,4112.853750210899,4147.607421875,2365208,TCS.NS
2024-07-24,4133.2920545514335,4183.036258319749,4114.58990592951,4151.36767578125,1809793,TCS.NS
2024-07-25,4140.521806883495,4186.795391686849,4120.470108423073,4167.03271484375,2810342,TCS.NS
2024-07-26,4193.542999874142,4263.387369849372,4181.058585874202,4230.03173828125,3552210,TCS.NS
2024-07-29,4256.206017658637,4271.630546827955,4213.788562443014,4223.525390625,1746803,TCS.NS
2024-07-30,4233.165648077155,4239.817382022423,4171.660056647635,4208.341796875,1797906,TCS.NS
2024-07-31,4193.54341075026,4255.241520701527,4188.723245910317,4227.6220703125,2330091,TCS.NS
2024-08-01,4241.166306163715,4260.350467001491,4208.051681436031,4238.94921875,2202244,TCS.NS
2024-08-02,4208.003662009789,4239.816748114331,4116.420535345201,4129.0009765625,2811282,TCS.NS
2024-08-05,4086.536234265017,4086.536234265017,3962.6579832381112,4005.60546875,2787771,TCS.NS
2024-08-06,4020.934284679488,4105.094191002103,4011.148971559993,4021.17529296875,2203067,TCS.NS
2024-08-07,4075.9312334220126,4092.271779894771,4029.9466743126113,4049.372314453125,1237666,TCS.NS
2024-08-08,4030.6220974673806,4079.7877819856385,4010.3774038422157,4022.475830078125,2441283,TCS.NS
2024-08-09,4065.327153287116,4100.658868526236,4054.288787170363,4076.654541015625,1302536,TCS.NS
2024-08-12,4077.8597461493728,4086.5360434816052,4035.7797982318953,4044.7451171875,936912,TCS.NS
2024-08-13,4061.4715668487884,4081.716262529734,4032.5505730188656,4045.9990234375,1495593,TCS.NS
2024-08-14,4057.6148500251006,4151.319044827985,4037.5146680639523,4140.7626953125,3226545,TCS.NS
2024-08-16,4193.54310061731,4267.77363366272,4169.538775633477,4257.21728515625,3457058,TCS.NS
2024-08-19,4261.990502549068,4332.605929898473,4232.442981017034,4328.5087890625,2055210,TCS.NS
2024-08-20,4342.969221968976,4400.811209386987,4338.149056350809,4360.61083984375,2212298,TCS.NS
2024-08-21,4355.5007951533835,4395.99017837526,4330.965968699111,4387.7958984375,1896990,TCS.NS
2024-08-22,4395.99057536928,4396.906595026849,4335.44948994356,4340.07666015625,1829872,TCS.NS
2024-08-23,4338.148856270688,4343.933054745716,4294.767367707981,4303.34716796875,1809253,TCS.NS
2024-08-26,4327.543822710248,4388.422408095066,4323.6876909903,4340.51025390625,1844164,TCS.NS
2024-08-27,4342.968632042668,4347.78879700609,4325.42304328812,4335.40087890625,930697,TCS.NS
2024-08-28,4336.943704020961,4398.400811246599,4296.984345623409,4343.98095703125,1848058,TCS.NS
2024-08-29,4299.587687061034,4392.134865975352,4299.587687061034,4349.5244140625,2133641,TCS.NS
2024-08-30,4338.148557593329,4427.080603023993,4326.38716654949,4389.96533203125,3637222,TCS.NS
2024-09-02,4411.415704533157,4422.98410235973,4349.717582791434,4358.44189453125,1216500,TCS.NS
2024-09-03,4358.441492719485,4392.038139120691,4334.196155320372,4350.0546875,1717263,TCS.NS
2024-09-04,4315.927443783511,4325.615786508623,4277.125118085501,4318.14453125,1265505,TCS.NS
2024-09-05,4319.832045744477,4337.184640438384,4293.947664515546,4314.9638671875,1688793,TCS.NS
2024-09-06,4313.035657561393,4356.417142852314,4280.306548704212,4296.4541015625,1649179,TCS.NS
2024-09-09,4294.767352143904,4328.749518061541,4271.148541789801,4289.51318359375,1184938,TCS.NS
2024-09-10,4282.668643733856,4376.661862432096,4280.740577709276,4345.71630859375,1385591,TCS.NS
2024-09-11,4358.827586295432,4385.724015259078,4310.4329370759415,4318.24169921875,1325919,TCS.NS
2024-09-12,4348.0296801859,4369.575911096477,4271.919089315057,4355.2119140625,2742216,TCS.NS
2024-09-13,4367.069296615252,4383.457856889526,4342.968472682497,4359.935546875,1458786,TCS.NS
2024-09-16,4364.17732856035,4382.541968659906,4332.798243146996,4350.921875,1155120,TCS.NS
2024-09-17,4350.921470720735,4372.660224252093,4305.370916354911,4343.5947265625,1699364,TCS.NS
2024-09-18,4335.30452036304,4335.30452036304,4165.586694851035,4189.83203125,2961779,TCS.NS
2024-09-19,4232.1529776670095,4263.147015883038,4127.796403091641,4141.63037109375,2927551,TCS.NS
2024-09-20,4161.634214107266,4174.938152739774,4075.4497528623806,4130.78515625,5447908,TCS.NS
2024-09-23,4145.341647021787,4154.403462524923,4100.032098786898,4114.974609375,1702319,TCS.NS
2024-09-24,4098.7306744467505,4136.665465883185,4087.4997845128655,4117.673828125,3012026,TCS.NS
2024-09-25,4099.405755293621,4135.315983961965,4087.4998537926194,4121.0,2713073,TCS.NS
2024-09-26,4106.780742665259,4161.537630946426,4106.780742665259,4138.11181640625,3964251,TCS.NS
2024-09-27,4179.083373733514,4220.536795895115,4145.390229526084,4153.7294921875,3012477,TCS.NS
2024-09-30,4132.7127213486465,4144.136605845328,4106.828342734448,4114.974609375,2503416,TCS.NS
2024-10-01,4102.491167190117,4141.245488901306,4090.344725826877,4133.677734375,1823365,TCS.NS
2024-10-03,4109.287467676963,4125.097515917087,4058.579233935717,4080.510986328125,3350119,TCS.NS
2024-10-04,4073.03966948564,4143.414082709889,4072.1236497929604,4099.3095703125,2965463,TCS.NS
2024-10-07,4120.1809917846585,4142.691258921902,4077.281518628099,4119.1689453125,1472619,TCS.NS
2024-10-08,4118.9280610616215,4125.483298082855,4052.747280579048,4100.27392578125,1541867,TCS.NS
2024-10-09,4106.780130336914,4140.521281642499,4093.9586811284667,4099.98388671875,1082504,TCS.NS
2024-10-10,4100.273129009791,4139.412960774934,4047.588822636291,4075.352783203125,2378875,TCS.NS
2024-10-11,3993.9886275616464,4089.379879015455,3964.5376083735932,3999.9658203125,5759183,TCS.NS
2024-10-14,3991.096547994956,4015.58289160934,3973.936949192235,3987.866943359375,2137590,TCS.NS
2024-10-15,3982.4681826102596,4019.9694414378305,3947.7149825896795,3968.730712890625,2759474,TCS.NS
2024-10-16,3938.0751541994937,3966.996146763994,3920.915318205962,3947.667236328125,2359151,TCS.NS
2024-10-17,3964.8748071016144,3981.4083499313706,3945.7388929151134,3961.211669921875,2522659,TCS.NS
2024-10-18,3952.5142923868125,4006.776710853755,3942.850443261172,3984.453125,2361000,TCS.NS
2024-10-21,3993.682370369564,4000.78539382613,3933.186580676541,3942.70556640625,1595450,TCS.NS
2024-10-22,3929.32099199586,3952.320999735869,3871.676227251689,3880.5185546875,1928049,TCS.NS
2024-10-23,3865.152802282563,3975.2720688835425,3860.8522011067366,3929.562255859375,1966476,TCS.NS
2024-10-24,3869.4049014372445,3941.8837644761543,3869.4049014372445,3911.8291015625,2676744,TCS.NS
2024-10-25,3920.6718368553634,3954.446941330257,3897.140270580229,3921.155029296875,1759676,TCS.NS
2024-10-28,3932.171722859434,3995.0351066911544,3914.8251613947427,3953.335693359375,1532534,TCS.NS
2024-10-29,3958.16763280639,3965.560382816574,3923.6193731047465,3938.260009765625,1445885,TCS.NS
2024-10-30,3938.0182306494053,3968.9425455894743,3923.5708244501016,3947.34375,1935002,TCS.NS
2024-10-31,3933.186481064544,3941.207522795,3826.8841437384754,3835.050048828125,3740372,TCS.NS
2024-11-01,3855.730968312658,3864.524929526368,3842.3948092268606,3850.270751953125,154895,TCS.NS
2024-11-04,3832.972644577269,3857.7119575446695,3781.705876191511,3830.894775390625,2269192,TCS.NS
2024-11-05,3808.6196398546176,3852.0102276744137,3808.6196398546176,3837.852783203125,967590,TCS.NS
2024-11-06,3869.018641595081,4010.3038294515763,3841.6215355786026,4000.4951171875,3792017,TCS.NS
2024-11-07,4029.5355076485175,4064.42162678781,3947.7308802151356,4011.3671875,3724349,TCS.NS
2024-11-08,4015.3292236622483,4029.5834008100264,3979.2346535958754,4007.59814453125,1648039,TCS.NS
2024-11-11,3989.430410106948,4091.9634724864604,3979.234766094126,4057.560546875,1406487,TCS.NS
2024-11-12,4074.2788089026935,4076.2115787361386,4024.3651223274956,4056.303955078125,1587640,TCS.NS
2024-11-13,4037.653120303079,4055.6761055431484,3992.184424537984,4010.8359375,1098813,TCS.NS
2024-11-14,3996.000924470866,4020.1605431194203,3978.0746761806595,4006.534423828125,1825432,TCS.NS
2024-11-18,4071.3792519766916,4071.3792519766916,3856.0686666127654,3884.3837890625,3313944,TCS.NS
2024-11-19,3884.7704056996986,3993.247106272653,3879.1655622567805,3903.760009765625,1776233,TCS.NS
2024-11-21,3908.9302706927815,3954.881920850917,3888.732920227157,3935.94091796875,2384347,TCS.NS
2024-11-22,3934.152965837454,4111.919658653727,3917.7244223790317,4101.91748046875,3096553,TCS.NS
2024-11-25,4136.12667634154,4182.609876587018,4109.261369387088,4170.046875,4052167,TCS.NS
2024-11-26,4175.797329148291,4219.816444946144,4165.118964633349,4206.3837890625,2060669,TCS.NS
2024-11-27,4212.4235829879535,4230.253100994659,4178.696373009198,4186.91064453125,1558993,TCS.NS
2024-11-28,4173.816741137543,4194.06269527633,4090.7076326082943,4102.20751953125,2558544,TCS.NS
2024-11-29,4078.1443883814027,4154.199070816993,4054.612821055958,4127.28515625,2017425,TCS.NS
2024-12-02,4126.463283598858,4144.051676505499,4087.8560203366483,4132.8896484375,1670944,TCS.NS
2024-12-03,4169.322952625746,4179.614857844365,4122.066823519833,4158.11279296875,2010905,TCS.NS
2024-12-04,4168.548965451236,4239.481987267991,4144.872537850337,4208.02587890625,3302642,TCS.NS
2024-12-05,4252.866872084178,4338.102216885899,4213.438553268549,4313.99072265625,3746747,TCS.NS
2024-12-06,4303.311362306335,4314.907979496471,4264.414375481087,4296.0634765625,1842087,TCS.NS
2024-12-09,4281.5199661588285,4319.160373110423,4267.120454336757,4302.490234375,2066639,TCS.NS
2024-12-10,4277.36405967509,4342.739898114828,4263.78654175507,4283.548828125,2087828,TCS.NS
2024-12-11,4282.873093015478,4299.108170890079,4258.858333430752,4278.62109375,1635256,TCS.NS
2024-12-12,4281.13341484283,4334.23645604466,4277.219744582758,4305.19677734375,1914642,TCS.NS
2024-12-13,4285.868868891336,4343.8033600917015,4246.68167836936,4323.50927734375,1967048,TCS.NS
2024-12-16,4309.110183879598,4324.572341973805,4249.194321264541,4266.78271484375,1646224,TCS.NS
2024-12-17,4261.757440239835,4283.936162604462,4172.85002878812,4182.9970703125,3225027,TCS.NS
2024-12-18,4166.761572566735,4215.370539745701,4145.404373899688,4201.6962890625,1575404,TCS.NS
2024-12-19,4138.059897693995,4217.303454819382,4118.732200834144,4128.29931640625,3015763,TCS.NS
2024-12-20,4183.4799645207795,4234.698360944804,4012.913040580397,4030.114501953125,4116989,TCS.NS
2024-12-23,4058.8641420494178,4075.2445525573735,3976.5765737124107,4018.517578125,2195338,TCS.NS
2024-12-24,4018.518552788765,4076.2119259789224,4018.518552788765,4039.006103515625,1181886,TCS.NS
2024-12-26,4039.005875455315,4058.768636316996,4003.877688349927,4028.95556640625,1208464,TCS.NS
2024-12-27,4023.060238137416,4040.407035405857,4007.8396763428773,4024.84814453125,858100,TCS.NS
2024-12-30,4011.4636074414875,4058.1398080559024,3973.774597398072,4019.001220703125,1527169,TCS.NS
2024-12-31,3996.0014568066717,4000.785250683389,3896.512181145006,3957.15283203125,1555429,TCS.NS
2025-01-01,3956.7659433990707,3995.034876942136,3948.116846379581,3974.20947265625,763161,TCS.NS
2025-01-02,3981.50587656409,4042.388126618347,3959.2308928706593,4035.3818359375,1720835,TCS.NS
2025-01-03,4039.440692055234,4039.440692055234,3954.7369152564975,3962.081298828125,1791953,TCS.NS
2025-01-06,3967.4929881560497,4010.1587847646483,3929.7072462762812,3957.345947265625,2085593,TCS.NS
2025-01-07,3976.625573377766,4001.171654478945,3876.7012371685046,3892.88818359375,2669054,TCS.NS
2025-01-08,3899.266123917583,3987.3038778331784,3882.692718168748,3970.29541015625,2181277,TCS.NS
2025-01-09,3963.144467280376,3998.6591122870946,3889.989177677788,3903.083740234375,2392472,TCS.NS
2025-01-10,4058.816208833946,4152.555535561777,4029.824664485132,4122.25927734375,7894300,TCS.NS
2025-01-13,4102.303569240159,4177.633454859343,4085.295102000063,4146.85400390625,4003771,TCS.NS
2025-01-14,4157.387798026273,4168.887683847196,4077.2259826296945,4090.75537109375,3441709,TCS.NS
2025-01-15,4076.2116534172965,4113.36934289311,4066.0164811061386,4106.74951171875,1653474,TCS.NS
2025-01-16,4116.799597933809,4149.656683926709,4050.940562589214,4064.904541015625,2637705,TCS.NS
2025-01-17,4094.0359508349425,4094.7250599119097,4035.133463463163,4058.99951171875,1761466,TCS.NS
2025-01-20,4080.158948884836,4080.158948884836,4003.689468952198,4013.23583984375,1287799,TCS.NS
2025-01-21,4030.4586234318854,4045.909995207746,3966.192478882806,3971.949951171875,1971591,TCS.NS
2025-01-22,3985.8758020500386,4097.2341866812185,3980.1675861797344,4090.7880859375,2409223,TCS.NS
2025-01-23,4102.007467712743,4124.987859977081,4074.499811787622,4079.814697265625,1822998,TCS.NS
2025-01-24,4039.0213862561122,4111.849744585292,4039.0213862561122,4086.60595703125,1910099,TCS.NS
2025-01-27,4037.0527805961183,4090.542349798662,3977.067853766373,4000.7861328125,1551782,TCS.NS
2025-01-28,4006.3469263960387,4037.052887627697,3964.519830412573,3976.329833984375,2468272,TCS.NS
2025-01-29,3989.8125558722263,4042.8100387937484,3989.8125558722263,4034.88720703125,1217089,TCS.NS
2025-01-30,4034.985771856494,4064.5107788173946,3994.2413583605,4035.13330078125,1531251,TCS.NS
2025-01-31,4044.92593735956,4063.0840087875113,4020.5678067148765,4047.287841796875,1492943,TCS.NS
2025-02-01,4047.878571991142,4070.4158985162953,3991.7810571349555,4008.659423828125,437172,TCS.NS
2025-02-03,3967.0784110116783,4012.4486029262193,3935.388283689166,4004.230712890625,1265713,TCS.NS
2025-02-04,4019.042308064253,4053.6359186488944,4001.6718584472637,4042.0224609375,2547132,TCS.NS
2025-02-05,4084.2927757507155,4084.2927757507155,4011.4644226409437,4026.325439453125,1693912,TCS.NS
2025-02-06,4040.3989516054667,4073.9591411356755,3987.4017048416554,4018.107666015625,2284536,TCS.NS
2025-02-07,4025.242909445723,4025.242909445723,3944.5412178627034,3965.602294921875,1548940,TCS.NS
2025-02-10,3976.0344720918165,3987.8444754742677,3950.7906859718814,3973.03271484375,1339511,TCS.NS
2025-02-11,3954.7763343520787,3976.034436359499,3892.380246485599,3900.794921875,1810908,TCS.NS
2025-02-12,3908.225423162638,3958.0733824566832,3877.765264214856,3887.60693359375,1678002,TCS.NS
2025-02-13,3905.174387520859,3921.3638855028084,3840.4654117195746,3848.240234375,2277310,TCS.NS
2025-02-14,3862.854932566845,3885.490770388256,3838.250761021833,3872.549072265625,1681975,TCS.NS
2025-02-17,3795.439917114117,3871.7128572350416,3795.144618968299,3842.679931640625,1799806,TCS.NS
2025-02-18,3836.6762023241963,3862.2645420941762,3803.313040041849,3811.875244140625,2149879,TCS.NS
2025-02-19,3810.891244071504,3813.5977032041283,3708.488624107545,3724.186279296875,4366672,TCS.NS
2025-02-20,3701.943811253983,3728.024234223072,3691.905356883169,3719.560302734375,2888572,TCS.NS
2025-02-21,3716.312995440546,3756.565328445878,3715.2303156623498,3726.05615234375,1833931,TCS.NS
2025-02-24,3683.884336428401,3703.616931368376,3611.892621833515,3617.404052734375,2508516,TCS.NS
2025-02-25,3567.6050003776913,3600.0825079673364,3563.9143745152314,3572.0830078125,4101954,TCS.NS
2025-02-27,3554.5154128372324,3580.399049402227,3543.6895773387646,3555.35205078125,3823856,TCS.NS
2025-02-28,3528.18909122495,3543.0008511716787,3402.2649840279146,3428.099365234375,7085018,TCS.NS
2025-03-03,3429.8217928275967,3467.466178358631,3421.1118192809513,3437.744384765625,4990439,TCS.NS
2025-03-04,3418.9960131405514,3494.7768689297923,3409.449641700051,3476.126953125,2797737,TCS.NS
2025-03-05,3465.104278437371,3543.3455504299354,3465.104278437371,3490.889404296875,2501894,TCS.NS
2025-03-06,3500.681742747534,3552.3012497690074,3480.112750180772,3544.57568359375,2786513,TCS.NS
2025-03-07,3543.0010597320415,3567.6052337579586,3517.8062894194477,3554.023681640625,2051315,TCS.NS
2025-03-10,3549.3980060199115,3564.751106121065,3525.876512682056,3532.814697265625,1004626,TCS.NS
2025-03-11,3501.666002409517,3531.929136072837,3481.6381088995104,3518.692138671875,1995450,TCS.NS
2025-03-12,3508.5550985819973,3512.7378080263093,3431.642549263105,3450.68603515625,3174167,TCS.NS
2025-03-13,3446.8480117071717,3468.4996849505683,3428.936220988117,3455.45947265625,1693004,TCS.NS
2025-03-17,3433.758596103089,3474.5522694033125,3422.293146886519,3442.32080078125,2690906,TCS.NS
2025-03-18,3442.32080078125,3442.32080078125,3442.32080078125,3442.32080078125,0,TCS.NS
2025-03-19,3490.840057701268,3490.840057701268,3407.9239948703316,3441.730224609375,3051244,TCS.NS
2025-03-20,3456.394090935439,3522.2840156560787,3456.394090935439,3506.734130859375,2845192,TCS.NS
2025-03-21,3419.980285411375,3558.993872552197,3410.138615525299,3521.447998046875,4161925,TCS.NS
2025-03-24,3543.000847877303,3591.963151261163,3510.129769454268,3571.492431640625,1834751,TCS.NS
2025-03-25,3587.2882979899273,3651.2591455535335,3580.3991297907696,3599.83642578125,3135390,TCS.NS
2025-03-26,3589.9946325390874,3622.2260969255326,3568.4414746014018,3578.23388671875,1734499,TCS.NS
2025-03-27,3557.616055783924,3605.0035991217837,3553.334833368605,3593.390380859375,2528474,TCS.NS
2025-03-28,3593.1934495717564,3602.9858624379135,3535.029088090658,3549.053466796875,2051919,TCS.NS
2025-04-01,3516.13323836803,3527.2543730344664,3469.188522585517,3494.580078125,2618493,TCS.NS
2025-04-02,3487.8876353082755,3507.6694869120347,3474.1585545505054,3487.83837890625,1764313,TCS.NS
2025-04-03,3435.726488241664,3446.552323638587,3342.378166004515,3349.267333984375,4537821,TCS.NS
2025-04-04,3309.359945032038,3345.8231390019464,3243.3222453227836,3247.160400390625,5317367,TCS.NS
2025-04-07,3050.917604991727,3239.2870668156766,3007.663514743727,3222.2119140625,6623955,TCS.NS
2025-04-08,3249.768515327564,3295.9751054332087,3203.758710556288,3240.8125,5557558,TCS.NS
2025-04-09,3208.9256141746023,3218.225943847207,3161.193516842312,3195.196533203125,2990265,TCS.NS
2025-04-11,3237.466387828363,3246.7174609037224,3155.2391923859855,3180.33544921875,7108961,TCS.NS
2025-04-15,3261.9227992555975,3261.9227992555975,3187.323137665445,3196.77099609375,3512160,TCS.NS
2025-04-16,3196.770807962191,3226.1975418061343,3177.8748519424867,3221.965576171875,2384391,TCS.NS
2025-04-17,3194.114034744952,3251.2942342038577,3167.0494419378383,3246.66845703125,2932346,TCS.NS
2025-04-21,3238.0075324909676,3300.895699711744,3232.102531239247,3269.0087890625,2432946,TCS.NS
2025-04-22,3269.9932127938664,3281.1141071380534,3242.8301087922596,3261.9228515625,2710498,TCS.NS
2025-04-23,3311.7216581561997,3366.736492414926,3284.460282754783,3358.961669921875,3543923,TCS.NS
2025-04-24,3347.2503481599792,3358.469755408652,3334.062366713585,3347.742431640625,2252175,TCS.NS
2025-04-25,3365.8507975071598,3422.735692373855,3351.0882940093215,3393.407470703125,2742991,TCS.NS
2025-04-28,3380.613341017837,3403.052394655164,3351.088333672703,3388.978759765625,1593296,TCS.NS
2025-04-29,3400.296610646148,3439.663286312095,3376.086009001543,3417.51953125,1578332,TCS.NS
2025-04-30,3417.027637154589,3454.32746830495,3312.7059408589703,3399.017333984375,2809332,TCS.NS
2025-05-02,3417.027602193238,3436.2188574474917,3365.8509215152285,3376.6767578125,1721761,TCS.NS
2025-05-05,3395.375944257656,3449.0130425075236,3391.832847162291,3399.60791015625,1284443,TCS.NS
2025-05-06,3405.217529296875,3418.011699204638,3382.5816902292945,3405.217529296875,1324763,TCS.NS
2025-05-07,3366.4413778642383,3404.7253739778457,3366.4413778642383,3390.553466796875,1477128,TCS.NS
2025-05-08,3393.4075587678194,3421.9483996043236,3374.4130890526376,3394.293212890625,2543591,TCS.NS
2025-05-09,3345.1834469493565,3391.636078710749,3344.297792808673,3385.82958984375,2531757,TCS.NS
2025-05-12,3449.505112495261,3573.018063028258,3446.7493970179844,3563.077880859375,2228678,TCS.NS
2025-05-13,3563.0780270840673,3565.6369573340817,3454.918172432044,3459.346923828125,3062887,TCS.NS
2025-05-14,3465.251807319678,3504.618485051228,3453.0482333329505,3492.51318359375,2119499,TCS.NS
2025-05-15,3507.57083651873,3543.000844968414,3458.461004249911,3523.218994140625,3548330,TCS.NS
2025-05-16,3536.997270491984,3536.997270491984,3489.9542856276926,3504.91357421875,1666727,TCS.NS
2025-05-19,3493.7926303362833,3493.7926303362833,3448.225653046167,3463.086669921875,2537377,TCS.NS
2025-05-20,3475.8807241395375,3501.6658490029718,3438.679167064751,3442.9111328125,2038374,TCS.NS
2025-05-21,3452.457610566972,3480.998451703358,3442.911239345345,3469.975830078125,1440153,TCS.NS
2025-05-22,3439.6632460297133,3442.4189613490807,3396.6552014233635,3421.9482421875,2034383,TCS.NS
2025-05-23,3421.9483529990202,3479.0300338946035,3410.728946312352,3458.953125,1274331,TCS.NS
2025-05-26,3465.2517322885897,3488.871738416089,3454.524408949068,3481.293701171875,967470,TCS.NS
2025-05-27,3476.0777398133723,3483.951075577389,3427.952071065876,3443.304931640625,2467680,TCS.NS
2025-05-28,3464.2677725087055,3473.1252753361427,3437.6952640263944,3442.32080078125,1222933,TCS.NS
2025-05-29,3449.2097128936152,3476.5696009789913,3431.297923230928,3442.71435546875,3188072,TCS.NS
2025-05-30,3434.7426576999464,3451.1781977204464,3398.4269933317396,3408.563720703125,3404365,TCS.NS
2025-06-02,3395.375984554132,3405.217654074579,3364.4732383699834,3395.17919921875,1877585,TCS.NS
2025-06-03,3391.439214740725,3418.503805107925,3346.6596197695403,3351.28515625,2848125,TCS.NS
2025-06-04,3364.9875293233777,3370.746482399833,3346.1221522041255,3356.94482421875,2544807,TCS.NS
2025-06-05,3384.8454732776427,3384.8454732776427,3339.8663987058812,3347.214111328125,3584683,TCS.NS
2025-06-06,3347.2144001409188,3366.873914676264,3334.9021140402438,3360.221435546875,2070390,TCS.NS
2025-06-09,3375.9095645850753,3409.668660230926,3366.873944962607,3397.654296875,1718678,TCS.NS
2025-06-10,3415.626122829056,3461.1016586442274,3398.94510956099,3438.36376953125,2419874,TCS.NS
2025-06-11,3445.4136080819626,3464.278985186734,3424.6617902310286,3447.300048828125,2847013,TCS.NS
2025-06-12,3447.299771702225,3450.079980797376,3398.944883808313,3409.866943359375,4060134,TCS.NS
2025-06-13,3369.157630228437,3426.0516828925206,3369.157630228437,3421.28564453125,2178493,TCS.NS
2025-06-16,3415.625963412075,3484.1370655851665,3401.9236944953027,3471.527099609375,1934088,TCS.NS
2025-06-17,3485.13008250971,3495.0592280439255,3463.3853507540894,3490.392578125,2111940,TCS.NS
2025-06-18,3494.16557511537,3512.9315625297536,3418.704071793645,3426.945068359375,2696327,TCS.NS
2025-06-19,3425.5552808815073,3426.548195455676,3388.817441637271,3399.739501953125,2672768,TCS.NS
2025-06-20,3400.7323081895083,3421.8814364277036,3386.732116175425,3411.3564453125,2351248,TCS.NS
2025-06-23,3390.8032061585363,3400.732351710977,3346.122051172553,3369.554931640625,3123421,TCS.NS
2025-06-24,3410.264459071302,3417.711318302596,3358.0370560315137,3366.37744140625,3403048,TCS.NS
2025-06-25,3383.157794223958,3425.555197020872,3375.909469527816,3420.39208984375,1757699,TCS.NS
2025-06-26,3420.392073713661,3426.945164265374,3391.10109463089,3417.413330078125,2879106,TCS.NS
2025-06-27,3430.5199217495656,3441.8390511551324,3406.689971497181,3416.718505859375,1778433,TCS.NS
2025-06-30,3415.526706051579,3440.3495701102424,3405.6969488486607,3437.47021484375,1468351,TCS.NS
2025-07-01,3430.5199578930915,3460.307396022409,3389.314001814202,3405.399169921875,2375183,TCS.NS
2025-07-02,3462.4915764882385,3465.172397295891,3395.7677670907174,3399.04443359375,3090585,TCS.NS
2025-07-03,3405.6969138623963,3410.959409470928,3373.5265793371623,3376.703857421875,2531870,TCS.NS
2025-07-04,3383.852895387978,3402.718272445599,3366.0798213348503,3395.5693359375,1109320,TCS.NS
2025-07-07,3394.0799444957242,3401.8247266726726,3384.249944744325,3387.526611328125,1639174,TCS.NS
2025-07-08,3380.873980731512,3400.732271367233,3369.3560751984837,3382.0654296875,2325242,TCS.NS
2025-07-09,3385.838530827281,3389.810188927958,3343.1432062450012,3359.82421875,2034938,TCS.NS
2025-07-10,3356.051036218861,3374.916411866245,3332.2210880326916,3358.036865234375,3035012,TCS.NS
2025-07-11,3276.518592650877,3311.369989959287,3237.9937024384426,3242.85888671875,7635550,TCS.NS
2025-07-14,3242.8587244157825,3248.8162113559215,3177.326368074251,3199.865478515625,3924009,TCS.NS
2025-07-15,3183.2841104563845,3236.3056515140206,3183.2841104563845,3229.256103515625,2590889,TCS.NS
2025-07-16,3215.0089950915135,3232.842384321887,3208.632873739526,3221.08642578125,2540733,TCS.NS
2025-07-17,3212.1199267281463,3229.9533162828457,3192.194243099011,3197.275146484375,2947640,TCS.NS
2025-07-18,3213.0165477432356,3216.802476353157,3175.157748110912,3178.046875,3432645,TCS.NS
2025-07-21,3178.1464846864797,3185.718341629892,3140.287686436296,3146.464599609375,3844346,TCS.NS
2025-07-22,3147.859619140625,3168.283445003984,3142.8781981983425,3147.859619140625,3198036,TCS.NS
2025-07-23,3147.859568015624,3170.1762361812234,3145.866999671073,3167.287109375,1922875,TCS.NS
2025-07-24,3153.339291883696,3161.9071902624382,3128.332460590057,3136.302734375,2934778,TCS.NS
2025-07-25,3128.3322940864455,3145.169399267611,3113.9858993305074,3124.14794921875,2568917,TCS.NS
2025-07-28,3098.443785696339,3106.4140591000596,3058.4926929668136,3067.85791015625,3374473,TCS.NS
2025-07-29,3048.629668071008,3062.5776469445354,3029.8994763655814,3044.64453125,4785312,TCS.NS
2025-07-30,3048.6295393197033,3057.5960967882907,3035.877053384358,3042.25341796875,2880121,TCS.NS
2025-07-31,3030.3975643658264,3048.430405452322,3003.796825207198,3025.515869140625,2968371,TCS.NS
2025-08-01,3018.64125499041,3025.515761579588,2988.8524561376125,2991.84130859375,2053847,TCS.NS
2025-08-04,2997.9189099713494,3067.957495262713,2980.483936317478,3062.97607421875,2519252,TCS.NS
2025-08-05,3062.9761210710876,3066.064699458969,3030.696609505827,3052.51513671875,1927996,TCS.NS
2025-08-06,3051.618345400808,3055.40427380999,3014.75583192388,3021.032470703125,1487081,TCS.NS
2025-08-07,3004.793168100796,3040.2609831608825,2999.7120213520734,3035.677978515625,2543076,TCS.NS
2025-08-08,3036.7739069952254,3048.4303832570085,3013.759645138969,3025.1171875,2762140,TCS.NS
2025-08-11,3025.117180240026,3038.567016640599,3010.073435095005,3029.5009765625,1884215,TCS.NS
2025-08-12,3029.700138212843,3084.8941835228848,3015.652434227984,3024.120849609375,3358232,TCS.NS
2025-08-13,3024.8184862723915,3033.087450352522,3017.3463549468943,3024.91796875,2148166,TCS.NS
2025-08-14,3022.726300858826,3044.544827820162,3007.881763385299,3011.06982421875,3342174,TCS.NS
2025-08-18,3035.179867843642,3037.67057838676,2992.2399207869066,3000.010986328125,2945609,TCS.NS
2025-08-19,3000.0110105142285,3013.7597814697733,2999.911528031773,3004.992431640625,2650784,TCS.NS
2025-08-20,2999.7118666132724,3091.868151000454,2999.7118666132724,3087.086181640625,4952358,TCS.NS
2025-08-21,3118.3696236696637,3118.3696236696637,3071.6439908192406,3091.071533203125,3230726,TCS.NS
2025-08-22,3074.5329489117757,3084.1968567150047,3038.666718788372,3042.65185546875,1593791,TCS.NS
2025-08-25,3075.8281806328096,3140.2877180773667,3065.666130699425,3128.93017578125,3448370,TCS.NS
2025-08-26,3117.373339366996,3150.2507187850565,3108.4067813438887,3145.468505859375,5522097,TCS.NS
2025-08-28,3133.313773226287,3134.808199509225,3075.0311481917124,3082.204345703125,3116051,TCS.NS
2025-08-29,3081.507000394383,3103.425252579535,3065.7656615419933,3073.23779296875,2271789,TCS.NS
2025-09-01,3078.518060334719,3119.4654366830314,3078.518060334719,3101.0341796875,1246862,TCS.NS
2025-09-02,3109.5026578628494,3143.2765943406766,3091.569542586104,3099.938232421875,2185229,TCS.NS
2025-09-03,3118.2697443758125,3130.2251544847713,3076.5255347054076,3085.990234375,1799774,TCS.NS
2025-09-04,3104.421639864457,3106.414208311097,3079.3153260834893,3084.197021484375,1481391,TCS.NS
2025-09-05,3085.5918616420554,3091.868257451282,3017.3463946381216,3036.97314453125,2802055,TCS.NS
2025-09-08,3038.666792443431,3053.5113296442846,3004.7931298391436,3007.781982421875,2626187,TCS.NS
2025-09-09,3020.833326119296,3048.6295571410296,3019.538108052908,3038.06884765625,2489301,TCS.NS
2025-09-10,3045.0429174900823,3111.0966082909868,3042.0540649039185,3098.44384765625,2079428,TCS.NS
2025-09-11,3127.336119333051,3127.336119333051,3098.5436031034214,3112.591064453125,2263446,TCS.NS
2025-09-12,3132.3175458217547,3137.0000329464906,3109.4030090679694,3121.7568359375,1447167,TCS.NS
2025-09-15,3122.3546477883615,3122.3546477883615,3084.4958486128803,3100.336669921875,1732539,TCS.NS
2025-09-16,3116.377048374956,3138.2953012727335,3097.5473738607,3134.01123046875,2573429,TCS.NS
2025-09-17,3140.287738435889,3170.5746802441777,3130.7233130051436,3161.010498046875,2418271,TCS.NS
2025-09-18,3173.1652036699406,3191.0983194206656,3149.652799058944,3164.89599609375,2633138,TCS.NS
2025-09-19,3158.220904129198,3168.681888196503,3132.3175150101574,3157.423828125,4901694,TCS.NS
2025-09-22,3083.499594330073,3095.355278998739,3053.6110683753386,3062.37841796875,3634901,TCS.NS
2025-09-23,3058.592364705798,3069.252556548476,3040.6592498638747,3051.0205078125,3177741,TCS.NS
2025-09-24,3038.666695675492,3045.640684813108,3021.7298649127106,3024.120849609375,1625714,TCS.NS
2025-09-25,3010.7706978406754,3018.3425546653493,2940.03452327195,2946.41064453125,4974361,TCS.NS
2025-09-26,2930.07184762513,2943.820618304199,2880.5565712711505,2888.32763671875,3934636,TCS.NS
2025-09-29,2905.164580331207,2918.4152081680195,2883.2463290392707,2885.338623046875,3110035,TCS.NS
2025-09-30,2900.183356935398,2904.467427717032,2874.379692997371,2877.667236328125,2253458,TCS.NS
2025-10-01,2880.257593329001,2913.932047598146,2855.9483563860495,2903.371337890625,1952902,TCS.NS
2025-10-03,2913.134920868619,2913.134920868619,2880.3572688813597,2891.116943359375,2899519,TCS.NS
2025-10-06,2891.2167953135195,2982.476526807699,2884.840673623438,2977.295654296875,2112774,TCS.NS
2025-10-07,2983.87104765697,2993.335747140356,2944.517823489207,2962.650146484375,3062943,TCS.NS
2025-10-08,2963.9454305531126,3031.692754680041,2956.9714413047523,3015.951416015625,4121889,TCS.NS
2025-10-09,3022.726218895035,3054.6073128319636,3008.7782402976286,3050.3232421875,3211304,TCS.NS
2025-10-10,3038.666680855733,3058.5923640088854,2995.726736367315,3017.04736328125,8817365,TCS.NS
2025-10-13,3015.7523552483212,3024.220771178156,2987.059320862895,2996.02587890625,2866865,TCS.NS
2025-10-14,3009.774448720779,3015.9513618688843,2944.5178362112756,2949.300048828125,3611416,TCS.NS
2025-10-15,2971.0,2979.699951171875,2951.0,2969.800048828125,4282226,TCS.NS
2025-10-16,2969.89990234375,2975.0,2943.10009765625,2970.699951171875,3251495,TCS.NS
2025-10-17,2970.0,2988.800048828125,2955.39990234375,2962.199951171875,4374683,TCS.NS
2025-10-20,2985.5,3023.0,2978.5,3015.199951171875,3133039,TCS.NS
2025-10-21,3031.10009765625,3031.800048828125,2996.0,3006.699951171875,310644,TCS.NS
2025-10-23,3055.0,3098.0,3036.10009765625,3073.199951171875,5564758,TCS.NS
2025-10-24,3080.0,3090.0,3058.300048828125,3063.199951171875,2684318,TCS.NS
2025-10-27,3066.5,3094.199951171875,3060.199951171875,3084.89990234375,1946312,TCS.NS
2025-10-28,3076.0,3090.199951171875,3040.199951171875,3057.89990234375,3470737,TCS.NS
2025-10-29,3057.89990234375,3076.0,3046.10009765625,3057.60009765625,2895420,TCS.NS
2025-10-30,3049.10009765625,3063.800048828125,3032.800048828125,3035.300048828125,2241536,TCS.NS
2025-10-31,3035.0,3067.39990234375,3025.10009765625,3058.0,1868085,TCS.NS
2025-11-03,3046.89990234375,3058.0,3010.0,3016.800048828125,2194877,TCS.NS
2025-11-04,3019.60009765625,3029.300048828125,2976.0,2990.199951171875,2670720,TCS.NS
2025-11-05,2990.199951171875,2990.199951171875,2990.199951171875,2990.199951171875,0,TCS.NS
2025-11-06,2990.10009765625,3024.0,2990.0,3010.89990234375,2542721,TCS.NS
2025-11-07,3001.0,3004.0,2960.5,2991.800048828125,1830520,TCS.NS
2025-11-10,2993.0,3047.89990234375,2992.0,3025.199951171875,1556656,TCS.NS
2025-11-11,3045.0,3055.699951171875,3018.0,3047.0,2806868,TCS.NS
2025-11-12,3060.0,3136.39990234375,3057.10009765625,3131.800048828125,4460315,TCS.NS
2025-11-13,3131.800048828125,3131.89990234375,3102.0,3105.699951171875,1740435,TCS.NS
2025-11-14,3090.0,3113.10009765625,3077.300048828125,3106.0,2210794,TCS.NS
2025-11-17,3106.0,3123.5,3086.60009765625,3102.199951171875,2232853,TCS.NS
2025-11-18,3102.0,3105.0,3078.0,3087.10009765625,2548350,TCS.NS
2025-11-19,3097.0,3155.0,3083.5,3147.699951171875,3151053,TCS.NS
2025-11-20,3148.0,3164.5,3138.10009765625,3144.800048828125,2700604,TCS.NS
